Model,MAE,RMSE,MAPE,Forecast Month 1,Forecast Month 2,Forecast Month 3
SARIMA,20581.00013025837,22191.26608460345,0.21935472965291303,54758.511873724885,88412.59553528536,92558.21039978536
Prophet,20250.794412605523,22318.41133286054,0.2186462827396082,51318.94385792161,90325.65478355478,90041.08447929296
XGBoost,15169.052812499998,19040.853878152575,0.14785267295148183,85865.90625,86567.859375,88749.4765625
